Title,Year,IMDb Rating,Genre,Director(s),Lead Actors,Box Office Revenue
The Shawshank Redemption,1994,9.3,"Epic, Period Drama, Prison Drama, Drama",Frank Darabont,"Tim Robbins, Morgan Freeman, Bob Gunton","$29,332,133"
The Godfather,1972,9.2,"Epic, Gangster, Tragedy, Crime, Drama",Francis Ford Coppola,"Marlon Brando, Al Pacino, James Caan","$250,342,198"
The Dark Knight,2008,9.0,"Action Epic, Epic, Superhero, Tragedy, Action, Crime, Drama, Thriller",Christopher Nolan,"Christian Bale, Heath Ledger, Aaron Eckhart","$1,009,057,329"
The Godfather Part II,1974,9.0,"Epic, Gangster, Tragedy, Crime, Drama",Francis Ford Coppola,"Al Pacino, Robert De Niro, Robert Duvall","$47,964,222"
12 Angry Men,1957,9.0,"Legal Drama, Psychological Drama, Crime, Drama",Sidney Lumet,"Henry Fonda, Lee J. Cobb, Martin Balsam","$2,945"
The Lord of the Rings: The Return of the King,2003,9.0,"Action Epic, Adventure Epic, Epic, Fantasy Epic, Mountain Adventure, Quest, Sword & Sorcery, Tragedy, Adventure, Drama",Peter Jackson,"Elijah Wood, Viggo Mortensen, Ian McKellen","$1,138,267,561"
Schindler's List,1993,9.0,"Docudrama, Epic, Historical Epic, Period Drama, Prison Drama, Tragedy, Biography, Drama, History",Steven Spielberg,"Liam Neeson, Ralph Fiennes, Ben Kingsley","$322,161,245"
Pulp Fiction,1994,8.9,"Dark Comedy, Drug Crime, Gangster, Crime, Drama",Quentin Tarantino,"John Travolta, Uma Thurman, Samuel L. Jackson","$213,928,762"
The Lord of the Rings: The Fellowship of the Ring,2001,8.9,"Action Epic, Adventure Epic, Epic, Fantasy Epic, Quest, Sword & Sorcery, Adventure, Drama, Fantasy",Peter Jackson,"Elijah Wood, Ian McKellen, Orlando Bloom","$888,171,906"
"The Good, the Bad and the Ugly",1966,8.8,"Adventure Epic, Dark Comedy, Desert Adventure, Epic, Period Drama, Quest, Spaghetti Western, Western Epic, Adventure, Western",Sergio Leone,"Clint Eastwood, Eli Wallach, Lee Van Cleef","$25,264,999"
Forrest Gump,1994,8.8,"Epic, Drama, Romance",Robert Zemeckis,"Tom Hanks, Robin Wright, Gary Sinise","$678,226,465"
The Lord of the Rings: The Two Towers,2002,8.8,"Action Epic, Adventure Epic, Dark Fantasy, Epic, Fantasy Epic, Quest, Sword & Sorcery, Adventure, Drama, Fantasy",Peter Jackson,"Elijah Wood, Ian McKellen, Viggo Mortensen","$938,242,927"
Fight Club,1999,8.8,"Psychological Drama, Psychological Thriller, Workplace Drama, Crime, Drama, Thriller",David Fincher,"Brad Pitt, Edward Norton, Meat Loaf","$101,321,009"
Inception,2010,8.8,"Action Epic, Adventure Epic, Epic, Psychological Thriller, Sci-Fi Epic, Action, Adventure, Sci-Fi, Thriller",Christopher Nolan,"Leonardo DiCaprio, Joseph Gordon-Levitt, Elliot Page","$839,030,630"
Star Wars: Episode V - The Empire Strikes Back,1980,8.7,"Action Epic, Adventure Epic, Dark Fantasy, Epic, Fantasy Epic, Globetrotting Adventure, Quest, Sci-Fi Epic, Space Sci-Fi, Sword & Sorcery",Irvin Kershner,"Mark Hamill, Harrison Ford, Carrie Fisher","$550,016,086"
The Matrix,1999,8.7,"Action Epic, Artificial Intelligence, Cyberpunk, Dystopian Sci-Fi, Gun Fu, Martial Arts, Sci-Fi Epic, Action, Sci-Fi",Lana Wachowski,"Keanu Reeves, Laurence Fishburne, Carrie-Anne Moss","$467,841,735"
GoodFellas,1990,8.7,"Docudrama, Gangster, True Crime, Biography, Crime, Drama",Martin Scorsese,"Robert De Niro, Ray Liotta, Joe Pesci","$47,058,317"
One Flew Over the Cuckoo's Nest,1975,8.7,"Medical Drama, Psychological Drama, Drama",Milos Forman,"Jack Nicholson, Louise Fletcher, Michael Berryman","$109,115,366"
Interstellar,2014,8.7,"Adventure Epic, Epic, Quest, Sci-Fi Epic, Space Sci-Fi, Time Travel, Adventure, Drama, Sci-Fi",Christopher Nolan,"Matthew McConaughey, Anne Hathaway, Jessica Chastain","$758,464,713"
Seven,1995,8.6,"Cop Drama, Hard-boiled Detective, Legal Drama, Police Procedural, Psychological Drama, Psychological Thriller, Serial Killer, Crime, Drama, Mystery",David Fincher,"Morgan Freeman, Brad Pitt, Kevin Spacey","$328,971,354"
It's a Wonderful Life,1946,8.6,"Feel-Good Romance, Holiday Family, Holiday Romance, Psychological Drama, Supernatural Fantasy, Drama, Family, Fantasy, Holiday, Romance",Frank Capra,"James Stewart, Donna Reed, Lionel Barrymore","$10,635,461"
Seven Samurai,1954,8.6,"Action Epic, Epic, Period Drama, Samurai, Action, Drama",Akira Kurosawa,"Toshirô Mifune, Takashi Shimura, Keiko Tsushima","$1,082,148"
The Silence of the Lambs,1991,8.6,"Police Procedural, Psychological Drama, Psychological Horror, Psychological Thriller, Serial Killer, Slasher Horror, Crime, Drama, Horror, Thriller",Jonathan Demme,"Jodie Foster, Anthony Hopkins, Scott Glenn","$272,742,922"
Saving Private Ryan,1998,8.6,"Epic, Period Drama, War Epic, Drama, War",Steven Spielberg,"Tom Hanks, Matt Damon, Tom Sizemore","$482,352,390"
City of God,2002,8.6,"Caper, Coming-of-Age, Gangster, Crime, Drama",Fernando Meirelles,"Alexandre Rodrigues, Leandro Firmino, Matheus Nachtergaele","$30,681,033"
The Green Mile,1999,8.6,"Period Drama, Prison Drama, Supernatural Fantasy, Tragedy, Crime, Drama, Fantasy, Mystery",Frank Darabont,"Tom Hanks, Michael Clarke Duncan, David Morse","$286,801,374"
Life Is Beautiful,1997,8.6,"Period Drama, Romantic Comedy, Tragedy, Tragic Romance, Comedy, Drama, Romance, War",Roberto Benigni,"Roberto Benigni, Nicoletta Braschi, Giorgio Cantarini","$230,099,013"
Terminator 2: Judgment Day,1991,8.6,"Action Epic, Artificial Intelligence, Cyberpunk, Dystopian Sci-Fi, Sci-Fi Epic, Time Travel, Action, Adventure, Sci-Fi",James Cameron,"Arnold Schwarzenegger, Linda Hamilton, Edward Furlong","$517,778,573"
Star Wars: Episode IV - A New Hope,1977,8.6,"Action Epic, Adventure Epic, Epic, Fantasy Epic, Quest, Sci-Fi Epic, Space Sci-Fi, Sword & Sorcery, Action, Adventure",George Lucas,"Mark Hamill, Harrison Ford, Carrie Fisher","$775,398,507"
Back to the Future,1985,8.5,"High-Concept Comedy, Teen Adventure, Teen Comedy, Time Travel, Urban Adventure, Adventure, Comedy, Sci-Fi",Robert Zemeckis,"Michael J. Fox, Christopher Lloyd, Lea Thompson","$385,053,307"
Spirited Away,2001,8.6,"Anime, Coming-of-Age, Fairy Tale, Hand-Drawn Animation, Quest, Supernatural Fantasy, Adventure, Animation, Family, Fantasy",Hayao Miyazaki,"Daveigh Chase, Suzanne Pleshette, Miyu Irino","$358,862,896"
The Pianist,2002,8.5,"Docudrama, Epic, Period Drama, Tragedy, War Epic, Biography, Drama, Music, War",Roman Polanski,"Adrien Brody, Thomas Kretschmann, Frank Finlay","$120,098,945"
Gladiator,2000,8.5,"Action Epic, Adventure Epic, Epic, Period Drama, Sword & Sandal, Action, Adventure, Drama",Ridley Scott,"Russell Crowe, Joaquin Phoenix, Connie Nielsen","$465,516,248"
Parasite,2019,8.5,"Dark Comedy, Korean Drama, Psychological Thriller, Tragedy, Drama, Thriller",Bong Joon Ho,"Song Kang-ho, Lee Sun-kyun, Cho Yeo-jeong","$262,608,117"
Psycho,1960,8.5,"Dark Comedy, Psychological Horror, Psychological Thriller, Slasher Horror, Suspense Mystery, Horror, Mystery, Thriller",Alfred Hitchcock,"Anthony Perkins, Janet Leigh, Vera Miles","$32,248,065"
The Lion King,1994,8.5,"Animal Adventure, Coming-of-Age, Hand-Drawn Animation, Jungle Adventure, Adventure, Animation, Drama, Family, Fantasy, Musical",Roger Allers,"Matthew Broderick, Jeremy Irons, James Earl Jones","$979,161,373"
Grave of the Fireflies,1988,8.5,"Adult Animation, Anime, Hand-Drawn Animation, Period Drama, Animation, Drama, War",Isao Takahata,"Tsutomu Tatsumi, Ayano Shiraishi, Akemi Yamaguchi","$839,052"
The Departed,2006,8.5,"Cop Drama, Epic, Gangster, Crime, Drama, Thriller",Martin Scorsese,"Leonardo DiCaprio, Matt Damon, Jack Nicholson","$291,481,358"
Whiplash,2014,8.5,"Psychological Drama, Drama, Music",Damien Chazelle,"Miles Teller, J.K. Simmons, Melissa Benoist","$50,360,880"
Harakiri,1962,8.6,"Period Drama, Drama, Mystery",Masaki Kobayashi,"Tatsuya Nakadai, Akira Ishihama, Shima Iwashita","$15,222"
American History X,1998,8.5,"Prison Drama, Tragedy, Crime, Drama",Tony Kaye,"Edward Norton, Edward Furlong, Beverly D'Angelo","$23,875,714"
The Prestige,2006,8.5,"Period Drama, Steampunk, Tragedy, Drama, Mystery, Sci-Fi, Thriller",Christopher Nolan,"Christian Bale, Hugh Jackman, Scarlett Johansson","$109,676,311"
Leon,1994,8.5,"Gangster, One-Person Army Action, Action, Crime, Drama, Thriller",Luc Besson,"Jean Reno, Gary Oldman, Natalie Portman","$20,278,989"
Spider-Man: Across the Spider-Verse,2023,8.5,"Computer Animation, Superhero, Supernatural Fantasy, Teen Adventure, Urban Adventure, Action, Adventure, Animation, Family, Fantasy",Joaquim Dos Santos,"Shameik Moore, Hailee Steinfeld, Brian Tyree Henry","$690,824,738"
Casablanca,1942,8.5,"Drama, Romance, War",Michael Curtiz,"Humphrey Bogart, Ingrid Bergman, Paul Henreid","$4,727,083"
The Usual Suspects,1995,8.5,"Caper, Gangster, Heist, Psychological Drama, Psychological Thriller, Suspense Mystery, Whodunnit, Crime, Drama, Mystery",Bryan Singer,"Kevin Spacey, Gabriel Byrne, Chazz Palminteri","$23,341,568"
Untouchable,2011,8.5,"Docudrama, Comedy, Drama",Olivier Nakache,"François Cluzet, Omar Sy, Anne Le Ny","$426,590,315"
Cinema Paradiso,1988,8.5,"Coming-of-Age, Drama, Romance",Giuseppe Tornatore,"Philippe Noiret, Enzo Cannavale, Antonella Attili","$13,020,497"
Modern Times,1936,8.5,"Romantic Comedy, Satire, Slapstick, Comedy, Drama, Romance",Charles Chaplin,"Charles Chaplin, Paulette Goddard, Henry Bergman","$463,618"
Alien,1979,8.5,"Alien Invasion, Cyberpunk, Monster Horror, Space Sci-Fi, Horror, Sci-Fi",Ridley Scott,"Sigourney Weaver, Tom Skerritt, John Hurt","$108,610,231"
Rear Window,1954,8.5,"Psychological Thriller, Suspense Mystery, Drama, Mystery, Thriller",Alfred Hitchcock,"James Stewart, Grace Kelly, Wendell Corey","$37,905,475"
Once Upon a Time in the West,1968,8.5,"Desert Adventure, Epic, Spaghetti Western, Western Epic, Drama, Western",Sergio Leone,"Henry Fonda, Charles Bronson, Claudia Cardinale","$5,435,312"
Django Unchained,2012,8.5,"Dark Comedy, Epic, Period Drama, Western Epic, Western",Quentin Tarantino,"Jamie Foxx, Christoph Waltz, Leonardo DiCaprio","$426,076,293"
City Lights,1931,8.5,"Feel-Good Romance, Romantic Comedy, Satire, Slapstick, Comedy, Drama, Romance",Charles Chaplin,"Charles Chaplin, Virginia Cherrill, Florence Lee","$55,154"
Apocalypse Now,1979,8.4,"Adventure Epic, Epic, Hard-boiled Detective, Psychological Drama, Quest, Suspense Mystery, War Epic, Drama, Mystery, War",Francis Ford Coppola,"Martin Sheen, Marlon Brando, Robert Duvall","$105,086,099"
Dune: Part Two,2024,8.5,"Action Epic, Desert Adventure, Epic, Sci-Fi Epic, Space Sci-Fi, Action, Adventure, Drama, Sci-Fi",Denis Villeneuve,"Timothée Chalamet, Zendaya, Rebecca Ferguson","$714,644,358"
Memento,2000,8.4,"Psychological Thriller, Suspense Mystery, Mystery, Thriller",Christopher Nolan,"Guy Pearce, Carrie-Anne Moss, Joe Pantoliano","$40,047,236"
WALL·E,2008,8.4,"Adventure Epic, Artificial Intelligence, Computer Animation, Dystopian Sci-Fi, Space Sci-Fi, Adventure, Animation, Family, Sci-Fi",Andrew Stanton,"Ben Burtt, Elissa Knight, Jeff Garlin","$527,403,656"
Raiders of the Lost Ark,1981,8.4,"Adventure Epic, Desert Adventure, Globetrotting Adventure, Quest, Action, Adventure",Steven Spielberg,"Harrison Ford, Karen Allen, Paul Freeman","$389,925,971"
The Lives of Others,2006,8.4,"Political Thriller, Psychological Drama, Spy, Drama, Mystery, Thriller",Florian Henckel von Donnersmarck,"Ulrich Mühe, Martina Gedeck, Sebastian Koch","$77,672,685"
Avengers: Infinity War,2018,8.4,"Space Sci-Fi, Superhero, Action, Adventure, Sci-Fi",Anthony Russo,"Robert Downey Jr., Chris Hemsworth, Mark Ruffalo","$2,052,415,039"
Sunset Blvd.,1950,8.4,"Dark Comedy, Film Noir, Psychological Drama, Showbiz Drama, Tragedy, Drama",Billy Wilder,"William Holden, Gloria Swanson, Erich von Stroheim","$309,467"
Spider-Man: Into the Spider-Verse,2018,8.4,"Computer Animation, Superhero, Supernatural Fantasy, Teen Adventure, Urban Adventure, Action, Adventure, Animation, Comedy, Family",Bob Persichetti,"Shameik Moore, Jake Johnson, Hailee Steinfeld","$393,602,435"
Paths of Glory,1957,8.4,"Epic, Psychological Drama, War Epic, Drama, War",Stanley Kubrick,"Kirk Douglas, Ralph Meeker, Adolphe Menjou","$8,290"
Witness for the Prosecution,1957,8.4,"Legal Drama, Legal Thriller, Whodunnit, Crime, Drama, Mystery, Thriller",Billy Wilder,"Tyrone Power, Marlene Dietrich, Charles Laughton","$7,903"
The Shining,1980,8.4,"Dark Comedy, Psychological Drama, Psychological Horror, Supernatural Horror, Drama, Horror",Stanley Kubrick,"Jack Nicholson, Shelley Duvall, Danny Lloyd","$47,962,534"
The Great Dictator,1940,8.4,"Parody, Satire, Slapstick, Comedy, Drama, War",Charles Chaplin,"Charles Chaplin, Paulette Goddard, Jack Oakie","$972,212"
12th Fail,2023,8.8,"Docudrama, Biography, Drama",Vidhu Vinod Chopra,"Vikrant Massey, Medha Shankr, Anant Joshi","$138,288"
Aliens,1986,8.4,"Alien Invasion, Cyberpunk, Monster Horror, Space Sci-Fi, Survival, Tragedy, Action, Adventure, Horror, Sci-Fi",James Cameron,"Sigourney Weaver, Michael Biehn, Carrie Henn","$131,060,248"
Inglourious Basterds,2009,8.4,"Dark Comedy, Period Drama, Adventure, Drama, War",Quentin Tarantino,"Brad Pitt, Diane Kruger, Eli Roth","$321,460,744"
The Dark Knight Rises,2012,8.4,"Action Epic, Epic, Superhero, Action, Drama, Thriller",Christopher Nolan,"Christian Bale, Tom Hardy, Anne Hathaway","$1,114,976,407"
Coco,2017,8.4,"Computer Animation, Supernatural Fantasy, Adventure, Animation, Drama, Family, Fantasy, Music, Mystery",Lee Unkrich,"Anthony Gonzalez, Gael García Bernal, Benjamin Bratt","$814,641,172"
Amadeus,1984,8.4,"Costume Drama, Epic, Period Drama, Tragedy, Biography, Drama, Music",Milos Forman,"F. Murray Abraham, Tom Hulce, Elizabeth Berridge","$52,110,293"
Toy Story,1995,8.3,"Buddy Comedy, Computer Animation, Supernatural Fantasy, Urban Adventure, Adventure, Animation, Comedy, Family, Fantasy",John Lasseter,"Tom Hanks, Tim Allen, Don Rickles","$394,436,586"
Avengers: Endgame,2019,8.4,"Space Sci-Fi, Superhero, Time Travel, Tragedy, Action, Adventure, Sci-Fi",Anthony Russo,"Robert Downey Jr., Chris Evans, Mark Ruffalo","$2,799,439,100"
Good Will Hunting,1997,8.3,"Coming-of-Age, Psychological Drama, Drama, Romance",Gus Van Sant,"Robin Williams, Matt Damon, Ben Affleck","$225,933,435"
Oldboy,2003,8.3,"Dark Comedy, One-Person Army Action, Psychological Drama, Psychological Thriller, Action, Drama, Mystery, Thriller",Park Chan-wook,"Choi Min-sik, Yoo Ji-tae, Kang Hye-jeong","$17,592,355"
Dr. Strangelove or: How I Learned to Stop Worrying and Love the Bomb,1964,8.3,"Dark Comedy, Farce, Political Drama, Satire, Tragedy, Comedy, War",Stanley Kubrick,"Peter Sellers, George C. Scott, Sterling Hayden","$9,631,984"
American Beauty,1999,8.3,"Psychological Drama, Tragedy, Drama",Sam Mendes,"Kevin Spacey, Annette Bening, Thora Birch","$356,296,601"
Das Boot,1981,8.4,"Epic, War Epic, Drama, War",Wolfgang Petersen,"Jürgen Prochnow, Herbert Grönemeyer, Klaus Wennemann","$11,488,778"
Braveheart,1995,8.3,"Action Epic, Costume Drama, Epic, Period Drama, War Epic, Biography, Drama, War",Mel Gibson,"Mel Gibson, Sophie Marceau, Patrick McGoohan","$213,216,216"
Princess Mononoke,1997,8.3,"Action Epic, Adult Animation, Adventure Epic, Anime, Dark Fantasy, Fantasy Epic, Hand-Drawn Animation, Quest, Adventure, Animation",Hayao Miyazaki,"Yôji Matsuda, Yuriko Ishida, Yûko Tanaka","$170,518,820"
Your Name.,2016,8.4,"Anime, Shōjo, Animation, Drama, Fantasy, Romance",Makoto Shinkai,"Ryûnosuke Kamiki, Mone Kamishiraishi, Ryo Narita","$405,340,703"
High and Low,1963,8.4,"Police Procedural, Crime, Drama, Mystery, Thriller",Akira Kurosawa,"Toshirô Mifune, Yutaka Sada, Tatsuya Nakadai","$64,277"
3 Idiots,2009,8.4,"Buddy Comedy, Coming-of-Age, Quirky Comedy, Comedy, Drama",Rajkumar Hirani,"Aamir Khan, Madhavan, Mona Singh","$60,262,836"
Joker,2019,8.3,"Psychological Drama, Psychological Thriller, Tragedy, Crime, Drama, Thriller",Todd Phillips,"Joaquin Phoenix, Robert De Niro, Zazie Beetz","$1,078,958,629"
Once Upon a Time in America,1984,8.3,"Dark Comedy, Epic, Gangster, Period Drama, Crime, Drama",Sergio Leone,"Robert De Niro, James Woods, Elizabeth McGovern","$5,476,126"
Capernaum,2018,8.4,Drama,Nadine Labaki,"Zain Al Rafeea, Yordanos Shiferaw, Boluwatife Treasure Bankole","$64,417,003"
Singin' in the Rain,1952,8.3,"Classic Musical, Feel-Good Romance, Jukebox Musical, Romantic Comedy, Satire, Comedy, Musical, Romance",Stanley Donen,"Gene Kelly, Donald O'Connor, Debbie Reynolds","$2,094,272"
Come and See,1985,8.3,"Epic, Period Drama, Tragedy, War Epic, Drama, Thriller, War",Elem Klimov,"Aleksey Kravchenko, Olga Mironova, Liubomiras Laucevicius","$20,929,648"
Requiem for a Dream,2000,8.3,"Psychological Drama, Tragedy, Drama",Darren Aronofsky,"Ellen Burstyn, Jared Leto, Jennifer Connelly","$7,391,471"
Toy Story 3,2010,8.3,"Computer Animation, Supernatural Fantasy, Urban Adventure, Adventure, Animation, Comedy, Family, Fantasy",Lee Unkrich,"Tom Hanks, Tim Allen, Joan Cusack","$1,067,316,101"
Star Wars: Episode VI - Return of the Jedi,1983,8.3,"Action Epic, Adventure Epic, Dark Fantasy, Epic, Fantasy Epic, Globetrotting Adventure, Quest, Sci-Fi Epic, Space Sci-Fi, Sword & Sorcery",Richard Marquand,"Mark Hamill, Harrison Ford, Carrie Fisher","$482,466,382"
The Hunt,2012,8.3,"Psychological Drama, Tragedy, Drama",Thomas Vinterberg,"Mads Mikkelsen, Thomas Bo Larsen, Annika Wedderkopp","$15,886,373"
Eternal Sunshine of the Spotless Mind,2004,8.3,"Dark Romance, Psychological Drama, Drama, Romance, Sci-Fi",Michel Gondry,"Jim Carrey, Kate Winslet, Tom Wilkinson","$73,384,095"
Ikiru,1952,8.3,"Psychological Drama, Tragedy, Drama",Akira Kurosawa,"Takashi Shimura, Nobuo Kaneko, Shin'ichi Himori","$113,821"
2001: A Space Odyssey,1968,8.3,"Adventure Epic, Artificial Intelligence, Epic, Psychological Drama, Sci-Fi Epic, Space Sci-Fi, Adventure, Sci-Fi",Stanley Kubrick,"Keir Dullea, Gary Lockwood, William Sylvester","$66,810,089"
Reservoir Dogs,1992,8.3,"Gangster, Heist, Crime, Thriller",Quentin Tarantino,"Harvey Keitel, Tim Roth, Michael Madsen","$2,932,006"
The Apartment,1960,8.3,"Farce, Holiday Comedy, Holiday Romance, Romantic Comedy, Comedy, Drama, Holiday, Romance",Billy Wilder,"Jack Lemmon, Shirley MacLaine, Fred MacMurray","$18,783,770"
Incendies,2010,8.3,"Suspense Mystery, Drama, Mystery, War",Denis Villeneuve,"Lubna Azabal, Mélissa Désormeaux-Poulin, Maxim Gaudette","$6,797,861"
Lawrence of Arabia,1962,8.3,"Adventure Epic, Desert Adventure, Epic, Tragedy, War Epic, Adventure, Biography, Drama, War",David Lean,"Peter O'Toole, Alec Guinness, Anthony Quinn","$45,766,917"
Scarface,1983,8.3,"Drug Crime, Epic, Gangster, Tragedy, Crime, Drama",Brian De Palma,"Al Pacino, Michelle Pfeiffer, Steven Bauer","$66,443,303"
Double Indemnity,1944,8.3,"Film Noir, Hard-boiled Detective, Crime, Drama, Mystery, Thriller",Billy Wilder,"Fred MacMurray, Barbara Stanwyck, Edward G. Robinson","$21,026"
North by Northwest,1959,8.3,"Spy, Adventure, Drama, Mystery, Thriller",Alfred Hitchcock,"Cary Grant, Eva Marie Saint, James Mason","$192,323"
Heat,1995,8.3,"Action Epic, Cop Drama, Epic, Gangster, Heist, Action, Crime, Drama",Michael Mann,"Al Pacino, Robert De Niro, Val Kilmer","$187,436,818"
Citizen Kane,1941,8.3,"Epic, Period Drama, Tragedy, Drama, Mystery",Orson Welles,"Orson Welles, Joseph Cotten, Dorothy Comingore","$1,707,754"
Up,2009,8.3,"Coming-of-Age, Computer Animation, Globetrotting Adventure, Adventure, Animation, Comedy, Drama, Family",Pete Docter,"Edward Asner, Jordan Nagai, John Ratzenberger","$735,102,136"
M,1931,8.3,"Psychological Thriller, Serial Killer, Suspense Mystery, Crime, Mystery, Thriller",Fritz Lang,"Peter Lorre, Ellen Widmann, Inge Landgut","$35,566"
Full Metal Jacket,1987,8.2,"Dark Comedy, Period Drama, Drama, War",Stanley Kubrick,"Matthew Modine, R. Lee Ermey, Vincent D'Onofrio","$50,193,748"
Vertigo,1958,8.3,"Psychological Thriller, Tragedy, Mystery, Romance, Thriller",Alfred Hitchcock,"James Stewart, Kim Novak, Barbara Bel Geddes","$7,968,347"
Amélie,2001,8.3,"Feel-Good Romance, Quirky Comedy, Romantic Comedy, Comedy, Romance",Jean-Pierre Jeunet,"Audrey Tautou, Mathieu Kassovitz, Rufus","$175,183,052"
A Clockwork Orange,1971,8.2,"Dark Comedy, Dystopian Sci-Fi, Crime, Sci-Fi",Stanley Kubrick,"Malcolm McDowell, Patrick Magee, Michael Bates","$27,034,174"
A Separation,2011,8.3,"Legal Drama, Psychological Drama, Drama",Asghar Farhadi,"Payman Maadi, Leila Hatami, Sareh Bayat","$22,926,076"
To Kill a Mockingbird,1962,8.3,"Legal Drama, Period Drama, Crime, Drama",Robert Mulligan,"Gregory Peck, John Megna, Frank Overton","$602,810"
Oppenheimer,2023,8.3,"Docudrama, Epic, Historical Epic, Period Drama, Psychological Drama, Biography, Drama, History",Christopher Nolan,"Cillian Murphy, Emily Blunt, Matt Damon","$975,811,333"
Die Hard,1988,8.2,"Disaster, One-Person Army Action, Action, Holiday, Thriller",John McTiernan,"Bruce Willis, Alan Rickman, Bonnie Bedelia","$143,651,650"
The Sting,1973,8.3,"Caper, Comedy, Crime, Drama",George Roy Hill,"Paul Newman, Robert Redford, Robert Shaw","$156,000,000"
Like Stars on Earth,2007,8.3,"Drama, Family",Aamir Khan,"Darsheel Safary, Aamir Khan, Tisca Chopra","$21,897,373"
Indiana Jones and the Last Crusade,1989,8.2,"Adventure Epic, Desert Adventure, Globetrotting Adventure, Quest, Action, Adventure",Steven Spielberg,"Harrison Ford, Sean Connery, Alison Doody","$474,171,806"
Metropolis,1927,8.3,"Dystopian Sci-Fi, Epic, Sci-Fi Epic, Steampunk, Drama, Sci-Fi",Fritz Lang,"Brigitte Helm, Alfred Abel, Gustav Fröhlich","$1,350,322"
Snatch,2000,8.2,"Caper, Dark Comedy, Gangster, Comedy, Crime",Guy Ritchie,"Jason Statham, Brad Pitt, Stephen Graham","$83,557,872"
1917,2019,8.2,"Epic, Period Drama, War Epic, Action, Drama, War",Sam Mendes,"Dean-Charles Chapman, George MacKay, Daniel Mays","$446,064,352"
L.A. Confidential,1997,8.2,"Conspiracy Thriller, Cop Drama, Hard-boiled Detective, Period Drama, Police Procedural, Suspense Mystery, Whodunnit, Crime, Drama, Mystery",Curtis Hanson,"Kevin Spacey, Russell Crowe, Guy Pearce","$126,216,940"
Bicycle Thieves,1948,8.2,"Tragedy, Drama",Vittorio De Sica,"Lamberto Maggiorani, Enzo Staiola, Lianella Carell","$451,336"
Downfall,2004,8.2,"Docudrama, Political Drama, Tragedy, Biography, Drama, History, War",Oliver Hirschbiegel,"Bruno Ganz, Alexandra Maria Lara, Ulrich Matthes","$92,181,574"
Dangal,2016,8.3,"Action, Biography, Drama, Sport",Nitesh Tiwari,"Aamir Khan, Sakshi Tanwar, Fatima Sana Shaikh","$303,726,694"
Taxi Driver,1976,8.2,"Psychological Drama, Crime, Drama",Martin Scorsese,"Robert De Niro, Jodie Foster, Cybill Shepherd","$28,580,862"
Hamilton,2020,8.3,"Epic, Biography, Drama, History, Musical",Thomas Kail,"Lin-Manuel Miranda, Phillipa Soo, Leslie Odom Jr.",N/A
The Wolf of Wall Street,2013,8.2,"Dark Comedy, Docudrama, Epic, Raunchy Comedy, Satire, True Crime, Biography, Comedy, Crime, Drama",Martin Scorsese,"Leonardo DiCaprio, Jonah Hill, Margot Robbie","$407,039,432"
Batman Begins,2005,8.2,"Action Epic, Epic, Superhero, Tragedy, Action, Drama",Christopher Nolan,"Christian Bale, Michael Caine, Ken Watanabe","$375,406,308"
Green Book,2018,8.2,"Docudrama, Period Drama, Road Trip, Biography, Comedy, Drama, Music",Peter Farrelly,"Viggo Mortensen, Mahershala Ali, Linda Cardellini","$321,752,656"
For a Few Dollars More,1965,8.2,"One-Person Army Action, Spaghetti Western, Drama, Western",Sergio Leone,"Clint Eastwood, Lee Van Cleef, Gian Maria Volontè","$15,000,000"
The Truman Show,1998,8.2,"Dark Comedy, High-Concept Comedy, Psychological Drama, Satire, Showbiz Drama, Comedy, Drama",Peter Weir,"Jim Carrey, Ed Harris, Laura Linney","$264,118,712"
Judgment at Nuremberg,1961,8.3,"Legal Drama, Drama, War",Stanley Kramer,"Spencer Tracy, Burt Lancaster, Richard Widmark","$12,180"
Some Like It Hot,1959,8.2,"Buddy Comedy, Farce, Satire, Screwball Comedy, Comedy, Music, Romance",Billy Wilder,"Marilyn Monroe, Tony Curtis, Jack Lemmon","$208,786"
The Kid,1921,8.2,"Buddy Comedy, Slapstick, Comedy, Drama, Family",Charles Chaplin,"Charles Chaplin, Edna Purviance, Jackie Coogan","$41,979"
Shutter Island,2010,8.2,"Psychological Thriller, Suspense Mystery, Drama, Mystery, Thriller",Martin Scorsese,"Leonardo DiCaprio, Emily Mortimer, Mark Ruffalo","$294,972,125"
The Father,2020,8.2,"Psychological Drama, Drama, Mystery",Florian Zeller,"Anthony Hopkins, Olivia Colman, Mark Gatiss","$24,048,935"
All About Eve,1950,8.2,"Showbiz Drama, Drama",Joseph L. Mankiewicz,"Bette Davis, Anne Baxter, George Sanders","$154,736"
Jurassic Park,1993,8.2,"Dinosaur Adventure, Jungle Adventure, Action, Adventure, Sci-Fi, Thriller",Steven Spielberg,"Sam Neill, Laura Dern, Jeff Goldblum","$1,104,379,926"
There Will Be Blood,2007,8.2,"Epic, Period Drama, Psychological Drama, Tragedy, Drama",Paul Thomas Anderson,"Daniel Day-Lewis, Paul Dano, Ciarán Hinds","$76,430,381"
Casino,1995,8.2,"Docudrama, Epic, Gangster, True Crime, Crime, Drama",Martin Scorsese,"Robert De Niro, Sharon Stone, Joe Pesci","$116,112,375"
The Sixth Sense,1999,8.2,"Psychological Drama, Psychological Thriller, Suspense Mystery, Drama, Mystery, Thriller",M. Night Shyamalan,"Bruce Willis, Haley Joel Osment, Toni Collette","$672,806,432"
Ran,1985,8.2,"Epic, Samurai, Tragedy, War Epic, Action, Drama, War",Akira Kurosawa,"Tatsuya Nakadai, Akira Terao, Jinpachi Nezu","$4,174,860"
Top Gun: Maverick,2022,8.2,"Action Epic, Epic, Action, Drama",Joseph Kosinski,"Tom Cruise, Jennifer Connelly, Miles Teller","$1,495,696,292"
No Country for Old Men,2007,8.2,"Contemporary Western, Serial Killer, Crime, Drama, Thriller",Ethan Coen,"Tommy Lee Jones, Javier Bardem, Josh Brolin","$171,632,777"
The Thing,1982,8.2,"Alien Invasion, Body Horror, Monster Horror, Supernatural Horror, Tragedy, Horror, Mystery, Sci-Fi",John Carpenter,"Kurt Russell, Wilford Brimley, Keith David","$20,836,881"
Pan's Labyrinth,2006,8.2,"Coming-of-Age, Dark Fantasy, Fairy Tale, Period Drama, Supernatural Fantasy, Teen Fantasy, Tragedy, Drama, Fantasy, War",Guillermo del Toro,"Ivana Baquero, Ariadna Gil, Sergi López","$83,863,565"
Unforgiven,1992,8.2,"Period Drama, Tragedy, Drama, Western",Clint Eastwood,"Clint Eastwood, Gene Hackman, Morgan Freeman","$159,167,799"
A Beautiful Mind,2001,8.2,"Docudrama, Period Drama, Psychological Drama, Biography, Drama, Mystery",Ron Howard,"Russell Crowe, Ed Harris, Jennifer Connelly","$316,791,257"
Kill Bill: Vol. 1,2003,8.2,"Kung Fu, Martial Arts, One-Person Army Action, Action, Crime, Thriller",Quentin Tarantino,"Uma Thurman, David Carradine, Daryl Hannah","$180,908,413"
The Treasure of the Sierra Madre,1948,8.2,"Tragedy, Adventure, Drama, Western",John Huston,"Humphrey Bogart, Walter Huston, Tim Holt","$5,014,000"
Prisoners,2013,8.2,"Psychological Thriller, Suspense Mystery, Crime, Drama, Mystery, Thriller",Denis Villeneuve,"Hugh Jackman, Jake Gyllenhaal, Viola Davis","$122,127,446"
Yojimbo,1961,8.2,"One-Person Army Action, Period Drama, Samurai, Action, Drama, Thriller",Akira Kurosawa,"Toshirô Mifune, Eijirô Tôno, Tatsuya Nakadai","$68,196"
Finding Nemo,2003,8.2,"Animal Adventure, Buddy Comedy, Computer Animation, Quest, Sea Adventure, Adventure, Animation, Comedy, Family",Andrew Stanton,"Albert Brooks, Ellen DeGeneres, Alexander Gould","$941,637,960"
The Great Escape,1963,8.2,"Period Drama, Prison Drama, War Epic, Adventure, Drama, Thriller, War",John Sturges,"Steve McQueen, James Garner, Richard Attenborough","$230,637"
Monty Python and the Holy Grail,1975,8.2,"Farce, Parody, Quest, Satire, Sketch Comedy, Slapstick, Sword & Sorcery, Adventure, Comedy, Fantasy",Terry Gilliam,"Graham Chapman, John Cleese, Eric Idle","$2,817,496"
Howl's Moving Castle,2004,8.2,"Adventure Epic, Anime, Hand-Drawn Animation, Supernatural Fantasy, Adventure, Animation, Family, Fantasy",Hayao Miyazaki,"Chieko Baishô, Takuya Kimura, Tatsuya Gashûin","$240,909,277"
The Elephant Man,1980,8.2,"Docudrama, Period Drama, Tragedy, Biography, Drama",David Lynch,"Anthony Hopkins, John Hurt, Anne Bancroft","$26,034,325"
Dial M for Murder,1954,8.2,"Crime, Drama, Mystery, Thriller",Alfred Hitchcock,"Ray Milland, Grace Kelly, Robert Cummings","$45,313"
Gone with the Wind,1939,8.2,"Costume Drama, Epic, Period Drama, Romantic Epic, Tragic Romance, War Epic, Drama, Romance, War",Victor Fleming,"Clark Gable, Vivien Leigh, Thomas Mitchell","$402,382,193"
Rashomon,1950,8.2,"Period Drama, Crime, Drama, Mystery",Akira Kurosawa,"Toshirô Mifune, Machiko Kyô, Masayuki Mori","$139,819"
Klaus,2019,8.2,"Hand-Drawn Animation, Holiday Animation, Holiday Comedy, Holiday Family, Adventure, Animation, Comedy, Family, Fantasy, Holiday",Sergio Pablos,"Jason Schwartzman, J.K. Simmons, Rashida Jones",N/A
Chinatown,1974,8.1,"Conspiracy Thriller, Hard-boiled Detective, Psychological Drama, Psychological Thriller, Tragedy, Drama, Mystery, Thriller",Roman Polanski,"Jack Nicholson, Faye Dunaway, John Huston","$29,231,954"
The Secret in Their Eyes,2009,8.2,"Dark Romance, Erotic Thriller, Legal Thriller, Period Drama, Psychological Drama, Psychological Thriller, Suspense Mystery, Tragedy, Whodunnit, Drama",Juan José Campanella,"Ricardo Darín, Soledad Villamil, Pablo Rago","$35,079,650"
I'm Still Here,2024,8.4,"Docudrama, Period Drama, Political Drama, Biography, Drama, History",Walter Salles,"Fernanda Torres, Fernanda Montenegro, Selton Mello","$34,593,378"
"Lock, Stock and Two Smoking Barrels",1998,8.1,"Farce, Comedy, Crime",Guy Ritchie,"Jason Flemyng, Dexter Fletcher, Nick Moran","$3,753,929"
V for Vendetta,2005,8.1,"Dystopian Sci-Fi, Political Thriller, Superhero, Action, Drama, Sci-Fi, Thriller",James McTeigue,"Hugo Weaving, Natalie Portman, Rupert Graves","$134,686,457"
Inside Out,2015,8.1,"Coming-of-Age, Computer Animation, Adventure, Animation, Comedy, Drama, Family, Fantasy",Pete Docter,"Amy Poehler, Bill Hader, Lewis Black","$859,076,254"
The Wild Robot,2024,8.2,"Artificial Intelligence, Computer Animation, Survival, Animation, Sci-Fi",Chris Sanders,"Lupita Nyong'o, Pedro Pascal, Kit Connor","$333,165,945"
"Three Billboards Outside Ebbing, Missouri",2017,8.1,"Dark Comedy, Satire, Comedy, Crime, Drama",Martin McDonagh,"Frances McDormand, Woody Harrelson, Sam Rockwell","$162,729,321"
The Bridge on the River Kwai,1957,8.1,"Jungle Adventure, War Epic, Adventure, Drama, War",David Lean,"William Holden, Alec Guinness, Jack Hawkins","$27,201,366"
Trainspotting,1996,8.1,"Dark Comedy, Psychological Drama, Drama",Danny Boyle,"Ewan McGregor, Ewen Bremner, Jonny Lee Miller","$16,981,823"
Raging Bull,1980,8.1,"Boxing, Docudrama, Period Drama, Biography, Drama, Sport",Martin Scorsese,"Robert De Niro, Cathy Moriarty, Joe Pesci","$23,405,883"
Catch Me If You Can,2002,8.1,"Caper, Coming-of-Age, Docudrama, Globetrotting Adventure, Period Drama, True Crime, Biography, Crime, Drama",Steven Spielberg,"Leonardo DiCaprio, Tom Hanks, Christopher Walken","$352,114,312"
Fargo,1996,8.1,"Cop Drama, Dark Comedy, Police Procedural, Tragedy, Crime, Drama, Thriller",Joel Coen,"William H. Macy, Frances McDormand, Steve Buscemi","$60,611,975"
Warrior,2011,8.1,"Boxing, Action, Drama, Sport",Gavin O'Connor,"Tom Hardy, Nick Nolte, Joel Edgerton","$23,308,615"
Harry Potter and the Deathly Hallows: Part 2,2011,8.1,"Dark Fantasy, Fantasy Epic, Teen Adventure, Teen Fantasy, Adventure, Family, Fantasy, Mystery",David Yates,"Daniel Radcliffe, Emma Watson, Rupert Grint","$1,342,499,744"
Gran Torino,2008,8.1,Drama,Clint Eastwood,"Clint Eastwood, Bee Vang, Christopher Carley","$269,958,228"
Million Dollar Baby,2004,8.1,"Boxing, Tragedy, Drama, Sport",Clint Eastwood,"Hilary Swank, Clint Eastwood, Morgan Freeman","$216,763,646"
My Neighbour Totoro,1988,8.1,"Anime, Hand-Drawn Animation, Iyashikei, Animation, Comedy, Family, Fantasy",Hayao Miyazaki,"Hitoshi Takagi, Noriko Hidaka, Chika Sakamoto","$30,370,646"
Spider-Man: No Way Home,2021,8.2,"Superhero, Supernatural Fantasy, Urban Adventure, Action, Adventure, Fantasy, Sci-Fi",Jon Watts,"Tom Holland, Zendaya, Benedict Cumberbatch","$1,952,732,181"
Mad Max: Fury Road,2015,8.1,"Action Epic, Adventure Epic, Car Action, Desert Adventure, Dystopian Sci-Fi, Epic, Quest, Road Trip, Action, Adventure",George Miller,"Tom Hardy, Charlize Theron, Nicholas Hoult","$380,437,267"
Ben-Hur,1959,8.1,"Adventure Epic, Epic, Period Drama, Sword & Sandal, Adventure, Drama",William Wyler,"Charlton Heston, Jack Hawkins, Stephen Boyd","$74,439,376"
Children of Heaven,1997,8.2,"Drama, Family, Sport",Majid Majidi,"Reza Naji, Amir Farrokh Hashemian, Bahare Seddiqi","$933,933"
Barry Lyndon,1975,8.1,"Costume Drama, Dark Comedy, Epic, Period Drama, Adventure, Drama, War",Stanley Kubrick,"Ryan O'Neal, Marisa Berenson, Patrick Magee","$280,093"
12 Years a Slave,2013,8.1,"Costume Drama, Docudrama, Epic, Period Drama, Tragedy, Biography, Drama, History",Steve McQueen,"Chiwetel Ejiofor, Michael Kenneth Williams, Michael Fassbender","$187,734,091"
Before Sunrise,1995,8.1,"Drama, Romance",Richard Linklater,"Ethan Hawke, Julie Delpy, Andrea Eckert","$6,568,101"
Dead Poets Society,1989,8.1,"Coming-of-Age, Teen Drama, Comedy, Drama",Peter Weir,"Robin Williams, Robert Sean Leonard, Ethan Hawke","$235,860,116"
Blade Runner,1982,8.1,"Artificial Intelligence, Cyber Thriller, Cyberpunk, Dystopian Sci-Fi, Action, Drama, Sci-Fi, Thriller",Ridley Scott,"Harrison Ford, Rutger Hauer, Sean Young","$41,759,489"
The Grand Budapest Hotel,2014,8.1,"Caper, Quirky Comedy, Adventure, Comedy, Crime",Wes Anderson,"Ralph Fiennes, F. Murray Abraham, Mathieu Amalric","$174,567,384"
Hacksaw Ridge,2016,8.1,"Docudrama, Epic, Period Drama, War Epic, Biography, Drama, History, War",Mel Gibson,"Andrew Garfield, Sam Worthington, Luke Bracey","$180,563,636"
Gone Girl,2014,8.1,"Erotic Thriller, Psychological Drama, Psychological Thriller, Suspense Mystery, Tragedy, Whodunnit, Drama, Mystery, Thriller",David Fincher,"Ben Affleck, Rosamund Pike, Neil Patrick Harris","$370,890,259"
Memories of Murder,2003,8.1,"Dark Comedy, Korean Drama, Police Procedural, Serial Killer, True Crime, Crime, Drama, Mystery, Thriller",Bong Joon Ho,"Song Kang-ho, Kim Sang-kyung, Kim Roe-ha","$1,210,156"
In the Name of the Father,1993,8.1,"Docudrama, Legal Drama, Period Drama, Prison Drama, Tragedy, True Crime, Biography, Crime, Drama",Jim Sheridan,"Daniel Day-Lewis, Pete Postlethwaite, Alison Crosbie","$65,796,862"
"Monsters, Inc.",2001,8.1,"Buddy Comedy, Computer Animation, Satire, Slapstick, Supernatural Fantasy, Urban Adventure, Adventure, Animation, Comedy, Family",Pete Docter,"Billy Crystal, John Goodman, Mary Gibbs","$579,770,299"
Ratatouille,2007,8.1,"Animal Adventure, Computer Animation, Satire, Adventure, Animation, Comedy, Family, Fantasy",Brad Bird,"Brad Garrett, Lou Romano, Patton Oswalt","$623,729,380"
The Gold Rush,1925,8.1,"Farce, Feel-Good Romance, Romantic Comedy, Slapstick, Adventure, Comedy, Drama, Romance, Western",Charles Chaplin,"Charles Chaplin, Mack Swain, Tom Murray","$31,490"
Wild Tales,2014,8.1,"Dark Comedy, Comedy, Drama, Thriller",Damián Szifron,"Darío Grandinetti, María Marull, Mónica Villa","$31,478,893"
How to Train Your Dragon,2010,8.1,"Computer Animation, Sword & Sorcery, Teen Fantasy, Action, Adventure, Animation, Family, Fantasy",Dean DeBlois,"Jay Baruchel, Gerard Butler, Christopher Mintz-Plasse","$494,879,860"
Sherlock Jr.,1924,8.2,"Bumbling Detective, Farce, Feel-Good Romance, Slapstick, Action, Comedy, Romance",Buster Keaton,"Buster Keaton, Kathryn McGuire, Joe Keaton",$399
Jaws,1975,8.1,"Monster Horror, Sea Adventure, Survival, Adventure, Drama, Horror, Thriller",Steven Spielberg,"Roy Scheider, Robert Shaw, Richard Dreyfuss","$477,916,625"
Mary and Max,2009,8.1,"Adult Animation, Coming-of-Age, Dark Comedy, Stop Motion Animation, Animation, Comedy, Drama",Adam Elliot,"Toni Collette, Philip Seymour Hoffman, Eric Bana","$1,740,791"
The Deer Hunter,1978,8.1,"Epic, War Epic, Drama, War",Michael Cimino,"Robert De Niro, Christopher Walken, John Cazale","$49,080,126"
The General,1926,8.1,"Farce, Slapstick, Action, Adventure, Comedy, Drama, War",Clyde Bruckman,"Buster Keaton, Marion Mack, Glen Cavender","$1,344"
Le Mans '66,2019,8.1,"Docudrama, Motorsport, Period Drama, Action, Biography, Drama, Sport",James Mangold,"Matt Damon, Christian Bale, Jon Bernthal","$226,299,480"
The Wages of Fear,1953,8.1,"Psychological Drama, Survival, Adventure, Drama, Thriller",Henri-Georges Clouzot,"Yves Montand, Charles Vanel, Peter van Eyck","$22,326"
On the Waterfront,1954,8.1,"Legal Drama, Legal Thriller, Crime, Drama, Thriller",Elia Kazan,"Marlon Brando, Karl Malden, Lee J. Cobb","$3,768"
Mr. Smith Goes to Washington,1939,8.1,"Political Drama, Comedy, Drama",Frank Capra,"James Stewart, Jean Arthur, Claude Rains","$146,123"
Wild Strawberries,1957,8.1,"Psychological Drama, Drama, Romance",Ingmar Bergman,"Victor Sjöström, Bibi Andersson, Ingrid Thulin","$81,070"
Logan,2017,8.1,"Dystopian Sci-Fi, Road Trip, Superhero, Action, Drama, Sci-Fi, Thriller",James Mangold,"Hugh Jackman, Patrick Stewart, Dafne Keen","$619,180,476"
The Third Man,1949,8.1,"Film Noir, Hard-boiled Detective, Whodunnit, Drama, Mystery, Thriller",Carol Reed,"Orson Welles, Joseph Cotten, Alida Valli","$1,406,393"
Rocky,1976,8.1,"Boxing, Drama, Sport",John G. Avildsen,"Sylvester Stallone, Talia Shire, Burt Young","$117,253,345"
Maharaja,2024,8.4,"One-Person Army Action, Action, Crime, Drama, Thriller",Nithilan Saminathan,"Vijay Sethupathi, Anurag Kashyap, Mamta Mohandas","$975,543"
Tokyo Story,1953,8.1,"Psychological Drama, Drama",Yasujirô Ozu,"Chishû Ryû, Chieko Higashiyama, Sô Yamamura","$92,310"
The Big Lebowski,1998,8.1,"Buddy Comedy, Drug Crime, Satire, Stoner Comedy, Comedy, Crime",Joel Coen,"Jeff Bridges, John Goodman, Julianne Moore","$48,261,691"
Spotlight,2015,8.1,"Docudrama, Legal Drama, Period Drama, True Crime, Workplace Drama, Biography, Crime, Drama",Tom McCarthy,"Mark Ruffalo, Michael Keaton, Rachel McAdams","$98,690,254"
The Seventh Seal,1957,8.1,"Psychological Drama, Drama, Fantasy",Ingmar Bergman,"Max von Sydow, Gunnar Björnstrand, Bengt Ekerot","$311,212"
The Terminator,1984,8.1,"Artificial Intelligence, Cyberpunk, Dystopian Sci-Fi, Time Travel, Urban Adventure, Action, Adventure, Sci-Fi",James Cameron,"Arnold Schwarzenegger, Linda Hamilton, Michael Biehn","$78,371,200"
Room,2015,8.1,"Psychological Drama, Drama, Thriller",Lenny Abrahamson,"Brie Larson, Jacob Tremblay, Sean Bridgers","$35,402,766"
Pirates of the Caribbean: The Curse of the Black Pearl,2003,8.1,"Sea Adventure, Supernatural Fantasy, Swashbuckler, Sword & Sandal, Action, Adventure, Fantasy",Gore Verbinski,"Johnny Depp, Geoffrey Rush, Orlando Bloom","$654,264,546"
La haine,1995,8.1,"Gangster, Psychological Drama, Crime, Drama",Mathieu Kassovitz,"Vincent Cassel, Hubert Koundé, Saïd Taghmaoui","$759,234"
Jai Bhim,2021,8.7,"Legal Drama, Crime, Drama",T.J. Gnanavel,"Suriya, Lijo Mol Jose, Manikandan K.",N/A
Hotel Rwanda,2004,8.1,"Docudrama, Epic, Biography, Drama, History, War",Terry George,"Don Cheadle, Sophie Okonedo, Joaquin Phoenix","$33,882,243"
Platoon,1986,8.1,"Drama, War",Oliver Stone,"Charlie Sheen, Tom Berenger, Willem Dafoe","$138,545,632"
Before Sunset,2004,8.1,"Drama, Romance",Richard Linklater,"Ethan Hawke, Julie Delpy, Vernon Dobtcheff","$16,506,532"
The Best Years of Our Lives,1946,8.1,"Epic, Feel-Good Romance, Drama, Romance, War",William Wyler,"Myrna Loy, Dana Andrews, Fredric March","$23,667,133"
The Exorcist,1973,8.1,"Body Horror, Supernatural Horror, Horror",William Friedkin,"Ellen Burstyn, Max von Sydow, Linda Blair","$430,872,776"
The Passion of Joan of Arc,1928,8.1,"Legal Drama, Period Drama, Psychological Drama, Tragedy, Biography, Drama, History",Carl Theodor Dreyer,"Maria Falconetti, Eugene Silvain, André Berley","$22,731"
The Wizard of Oz,1939,8.1,"Adventure Epic, Classic Musical, Fairy Tale, Fantasy Epic, Quest, Adventure, Family, Fantasy, Musical",Victor Fleming,"Judy Garland, Frank Morgan, Ray Bolger","$25,637,669"
The Incredibles,2004,8.0,"Computer Animation, Superhero, Urban Adventure, Action, Adventure, Animation, Family",Brad Bird,"Craig T. Nelson, Samuel L. Jackson, Holly Hunter","$631,688,498"
The Sound of Music,1965,8.1,"Classic Musical, Epic, Period Drama, Biography, Drama, Family, Musical, Romance",Robert Wise,"Julie Andrews, Christopher Plummer, Eleanor Parker","$159,484,051"
Rush,2013,8.1,"Docudrama, Motorsport, Period Drama, Biography, Drama, Sport",Ron Howard,"Daniel Brühl, Chris Hemsworth, Olivia Wilde","$96,992,516"
Hachi: A Dog's Tale,2009,8.1,"Animal Adventure, Biography, Drama, Family",Lasse Hallström,"Richard Gere, Joan Allen, Cary-Hiroyuki Tagawa","$46,749,646"
Stand by Me,1986,8.1,"Coming-of-Age, Dark Comedy, Quest, Adventure, Comedy, Drama",Rob Reiner,"Wil Wheaton, River Phoenix, Corey Feldman","$53,525,035"
Network,1976,8.1,"Dark Comedy, Workplace Drama, Drama",Sidney Lumet,"Faye Dunaway, William Holden, Peter Finch","$23,701,317"
Demon Slayer: Kimetsu no Yaiba - Tsuzumi Mansion Arc,2021,8.5,"Anime, Action, Animation, Fantasy",Haruo Sotozaki,"Faye Dunaway, William Holden, Peter Finch","$67,358"
My Father and My Son,2005,8.2,"Drama, Family",Çagan Irmak,"Çetin Tekindor, Fikret Kuskan, Hümeyra","$18,612,999"
The Handmaiden,2016,8.1,"Dark Romance, Erotic Thriller, Psychological Thriller, Steamy Romance, Drama, Romance, Thriller",Park Chan-wook,"Kim Min-hee, Ha Jung-woo, Cho Jin-woong","$37,863,670"
The Iron Giant,1999,8.1,"Alien Invasion, Artificial Intelligence, Hand-Drawn Animation, High-Concept Comedy, Kaiju, Space Sci-Fi, Action, Adventure, Animation, Comedy",Brad Bird,"Eli Marienthal, Harry Connick Jr., Jennifer Aniston","$23,338,352"
To Be or Not to Be,1942,8.1,"Screwball Comedy, Comedy, Romance, War",Ernst Lubitsch,"Carole Lombard, Jack Benny, Robert Stack","$4,578,000"
The Battle of Algiers,1966,8.1,"Docudrama, Political Drama, Drama, War",Gillo Pontecorvo,"Brahim Hadjadj, Jean Martin, Yacef Saadi","$962,002"
Into the Wild,2007,8.1,"Coming-of-Age, Docudrama, Road Trip, Survival, Tragedy, Adventure, Biography, Drama",Sean Penn,"Emile Hirsch, Vince Vaughn, Catherine Keener","$56,676,733"
The Grapes of Wrath,1940,8.1,Drama,John Ford,"Henry Fonda, Jane Darwell, John Carradine","$7,304"
Groundhog Day,1993,8.0,"Feel-Good Romance, High-Concept Comedy, Holiday Comedy, Holiday Romance, Romantic Comedy, Comedy, Drama, Fantasy, Romance",Harold Ramis,"Bill Murray, Andie MacDowell, Chris Elliott","$71,108,778"
A Silent Voice,2016,8.1,"Anime, Coming-of-Age, Psychological Drama, Shōnen, Slice of Life, Animation, Drama",Naoko Yamada,"Miyu Irino, Saori Hayami, Aoi Yûki","$30,819,442"
The Help,2011,8.1,"Period Drama, Drama",Tate Taylor,"Viola Davis, Emma Stone, Octavia Spencer","$221,802,186"
Amores perros,2000,8.0,"Tragedy, Drama, Thriller",Alejandro G. Iñárritu,"Emilio Echevarría, Gael García Bernal, Goya Toledo","$20,908,467"
Rebecca,1940,8.1,"Dark Romance, Psychological Drama, Psychological Thriller, Suspense Mystery, Drama, Mystery, Romance, Thriller",Alfred Hitchcock,"Laurence Olivier, Joan Fontaine, George Sanders","$113,328"
Drishyam,2015,8.2,"Crime, Drama, Mystery, Thriller",Nishikant Kamat,"Ajay Devgn, Shriya Saran, Tabu",N/A
